<?xml version="1.0" encoding="UTF-8" standalone="yes"?>
<addon id="plugin.video.skieset.installer" name="Skieset Installer" version="1.0" provider-name="Skieset.com">
  <requires>
    <import addon="xbmc.python" version="2.1.0"/>
  </requires>
  <extension point="xbmc.python.pluginsource" library="default.py">
        <provides>video executable</provides>
  </extension>
  <extension point="xbmc.addon.metadata">
    <summary lang="en">Skieset installer</summary>
    <description lang="en">Easy Installer for KODI</description>
    <platform>all</platform>
  </extension>
</addon>
